# Micron 7300 PRO 3.84 TB M.2 (enterprise NVMe, PLP, no VWC), datasheet
# Rev D 07/2020. Checks the model and, with REAL=<dev>, the drive itself.
# Not checked: reads above ~190K IOPS (one server thread; the model's
# ceiling, set by cmd_us, is 519K, the spec's 520K at QD512). The
# steady-state random write needs a preconditioned drive: a drive with
# free space runs faster and fails that row high.
# label	job	rw	metric	kind	value	tolerance	source
randread-qd1	randread-qd1	read	lat_mean_us	~	90	0.1	spec: 90 us average read latency
seqread-128k	seqread-128k	read	mbps	~	3000	0.1	spec: 3000 MB/s
seqwrite-128k	seqwrite-128k	write	mbps	~	1550	0.1	spec: 1550 MB/s
randwrite-qd1	randwrite-qd1	write	lat_mean_us	<=	40	0	spec: 25 us average write latency; the model can't go below the host floor
randwrite-qd32	randwrite-qd32	write	iops	~	75000	0.15	spec: 75K IOPS steady-state random write
fsync-jobs	-	-	device_flushes	=	0	0	no volatile write cache (sysfs: write through)
stats	-	-	late_us_p99	<=	600	0	within 600 us: the QD32/QD128 jobs run one server thread at its limit (~200K IOPS)
