run	hdd-cache64	a-randwrite-fsync-write	PASS
run	hdd-cache64	a-randwrite-fsync-verify	PASS
run	hdd-cache64	b-seqwrite-1m	PASS
run	hdd-cache64	c-prefill	PASS
run	hdd-cache64	c-randrw-verify	PASS
run	hdd-cache64	d-mixed-bs	PASS
run	hdd-cache64	raw-dd-sha256	PASS
run	hdd-nocache	a-randwrite-fsync-write	PASS
run	hdd-nocache	a-randwrite-fsync-verify	PASS
run	hdd-nocache	b-seqwrite-1m	PASS
run	hdd-nocache	c-prefill	PASS
run	hdd-nocache	c-randrw-verify	PASS
run	hdd-nocache	d-mixed-bs	PASS
run	hdd-nocache	raw-dd-sha256	PASS
run	barracuda-2t	a-randwrite-fsync-write	PASS
run	barracuda-2t	a-randwrite-fsync-verify	PASS
run	barracuda-2t	b-seqwrite-1m	PASS
run	barracuda-2t	c-prefill	PASS
run	barracuda-2t	c-randrw-verify	PASS
run	barracuda-2t	d-mixed-bs	PASS
run	barracuda-2t	raw-dd-sha256	PASS
run	sata-plp	a-randwrite-fsync-write	PASS
run	sata-plp	a-randwrite-fsync-verify	PASS
run	sata-plp	b-seqwrite-1m	PASS
run	sata-plp	c-prefill	PASS
run	sata-plp	c-randrw-verify	PASS
run	sata-plp	d-mixed-bs	PASS
run	sata-plp	raw-dd-sha256	PASS
run	nvme-plp	a-randwrite-fsync-write	PASS
run	nvme-plp	a-randwrite-fsync-verify	PASS
run	nvme-plp	b-seqwrite-1m	PASS
run	nvme-plp	c-prefill	PASS
run	nvme-plp	c-randrw-verify	PASS
run	nvme-plp	d-mixed-bs	PASS
run	nvme-plp	raw-dd-sha256	PASS
run	sata-consumer	a-randwrite-fsync-write	PASS
run	sata-consumer	a-randwrite-fsync-verify	PASS
run	sata-consumer	b-seqwrite-1m	PASS
run	sata-consumer	c-prefill	PASS
run	sata-consumer	c-randrw-verify	PASS
run	sata-consumer	d-mixed-bs	PASS
run	sata-consumer	raw-dd-sha256	PASS
run	micron-7300	a-randwrite-fsync-write	PASS
run	micron-7300	a-randwrite-fsync-verify	PASS
run	micron-7300	b-seqwrite-1m	PASS
run	micron-7300	c-prefill	PASS
run	micron-7300	c-randrw-verify	PASS
run	micron-7300	d-mixed-bs	PASS
run	micron-7300	raw-dd-sha256	PASS
run	nvme-vwc	a-randwrite-fsync-write	PASS
run	nvme-vwc	a-randwrite-fsync-verify	PASS
run	nvme-vwc	b-seqwrite-1m	PASS
run	nvme-vwc	c-prefill	PASS
run	nvme-vwc	c-randrw-verify	PASS
run	nvme-vwc	d-mixed-bs	PASS
run	nvme-vwc	raw-dd-sha256	PASS
negative	hdd-cache64	a-randwrite-fsync-write	PASS
negative	hdd-cache64	a-randwrite-fsync-verify	FAIL
