micron-read	real drive	n	254519
micron-read	real drive	iops	8483.7
micron-read	real drive	mean	117.4
micron-read	real drive	p1	72.19
micron-read	real drive	p5	73.22
micron-read	real drive	p10	84.48
micron-read	real drive	p25	87.55
micron-read	real drive	p50	115.2
micron-read	real drive	p75	158.7
micron-read	real drive	p90	164.9
micron-read	real drive	p95	166.9
micron-read	real drive	p99	185.3
micron-read	real drive	p99.5	236.5
micron-read	real drive	p99.9	321.5
micron-read	real drive	p99.95	366.6
micron-read	real drive	p99.99	444.4
micron-read	micron-7300 model	n	316976
micron-read	micron-7300 model	iops	10565.5
micron-read	micron-7300 model	mean	94.18
micron-read	micron-7300 model	p1	91.65
micron-read	micron-7300 model	p5	91.65
micron-read	micron-7300 model	p10	91.65
micron-read	micron-7300 model	p25	91.65
micron-read	micron-7300 model	p50	93.7
micron-read	micron-7300 model	p75	94.72
micron-read	micron-7300 model	p90	96.77
micron-read	micron-7300 model	p95	100.9
micron-read	micron-7300 model	p99	106
micron-read	micron-7300 model	p99.5	110.1
micron-read	micron-7300 model	p99.9	125.4
micron-read	micron-7300 model	p99.95	162.8
micron-read	micron-7300 model	p99.99	220.2
micron-mixed	real drive	n	220011
micron-mixed	real drive	iops	7333.5
micron-mixed	real drive	mean	135.9
micron-mixed	real drive	p1	73.22
micron-mixed	real drive	p5	75.26
micron-mixed	real drive	p10	85.5
micron-mixed	real drive	p25	88.58
micron-mixed	real drive	p50	117.2
micron-mixed	real drive	p75	162.8
micron-mixed	real drive	p90	169
micron-mixed	real drive	p95	171
micron-mixed	real drive	p99	399.4
micron-mixed	real drive	p99.5	1810
micron-mixed	real drive	p99.9	2867
micron-mixed	real drive	p99.95	2998
micron-mixed	real drive	p99.99	3326
micron-mixed	micron-7300 model	n	153065
micron-mixed	micron-7300 model	iops	5102.0
micron-mixed	micron-7300 model	mean	195.2
micron-mixed	micron-7300 model	p1	92.67
micron-mixed	micron-7300 model	p5	95.74
micron-mixed	micron-7300 model	p10	98.82
micron-mixed	micron-7300 model	p25	103.9
micron-mixed	micron-7300 model	p50	111.1
micron-mixed	micron-7300 model	p75	142.3
micron-mixed	micron-7300 model	p90	518.1
micron-mixed	micron-7300 model	p95	643.1
micron-mixed	micron-7300 model	p99	757.8
micron-mixed	micron-7300 model	p99.5	774.1
micron-mixed	micron-7300 model	p99.9	790.5
micron-mixed	micron-7300 model	p99.95	798.7
micron-mixed	micron-7300 model	p99.99	806.9
evo-read	real drive	n	319568
evo-read	real drive	iops	10651.9
evo-read	real drive	mean	93.18
evo-read	real drive	p1	81.41
evo-read	real drive	p5	83.46
evo-read	real drive	p10	84.48
evo-read	real drive	p25	86.53
evo-read	real drive	p50	91.65
evo-read	real drive	p75	97.79
evo-read	real drive	p90	103.9
evo-read	real drive	p95	108
evo-read	real drive	p99	119.3
evo-read	real drive	p99.5	126.5
evo-read	real drive	p99.9	144.4
evo-read	real drive	p99.95	152.6
evo-read	real drive	p99.99	222.2
evo-read	sata-consumer model	n	368888
evo-read	sata-consumer model	iops	12295.9
evo-read	sata-consumer model	mean	80.78
evo-read	sata-consumer model	p1	77.31
evo-read	sata-consumer model	p5	78.34
evo-read	sata-consumer model	p10	78.34
evo-read	sata-consumer model	p25	78.34
evo-read	sata-consumer model	p50	80.38
evo-read	sata-consumer model	p75	80.38
evo-read	sata-consumer model	p90	85.5
evo-read	sata-consumer model	p95	87.55
evo-read	sata-consumer model	p99	92.67
evo-read	sata-consumer model	p99.5	96.77
evo-read	sata-consumer model	p99.9	114.2
evo-read	sata-consumer model	p99.95	154.6
evo-read	sata-consumer model	p99.99	230.4
hdd-read	real drive	n	1707
hdd-read	real drive	iops	56.9
hdd-read	real drive	mean	1.757e+04
hdd-read	real drive	p1	3260
hdd-read	real drive	p5	7700
hdd-read	real drive	p10	1.042e+04
hdd-read	real drive	p25	1.475e+04
hdd-read	real drive	p50	1.769e+04
hdd-read	real drive	p75	2.084e+04
hdd-read	real drive	p90	2.32e+04
hdd-read	real drive	p95	2.477e+04
hdd-read	real drive	p99	2.844e+04
hdd-read	real drive	p99.5	4.063e+04
hdd-read	real drive	p99.9	1.033e+05
hdd-read	real drive	p99.95	1.562e+05
hdd-read	real drive	p99.99	1.562e+05
hdd-read	barracuda-2t model	n	1726
hdd-read	barracuda-2t model	iops	57.5
hdd-read	barracuda-2t model	mean	1.738e+04
hdd-read	barracuda-2t model	p1	5145
hdd-read	barracuda-2t model	p5	8094
hdd-read	barracuda-2t model	p10	9896
hdd-read	barracuda-2t model	p25	1.33e+04
hdd-read	barracuda-2t model	p50	1.743e+04
hdd-read	barracuda-2t model	p75	2.163e+04
hdd-read	barracuda-2t model	p90	2.477e+04
hdd-read	barracuda-2t model	p95	2.635e+04
hdd-read	barracuda-2t model	p99	2.87e+04
hdd-read	barracuda-2t model	p99.5	2.949e+04
hdd-read	barracuda-2t model	p99.9	3.028e+04
hdd-read	barracuda-2t model	p99.95	3.054e+04
hdd-read	barracuda-2t model	p99.99	3.054e+04
